,Air Temperature,Humidity,Total Rain,Wind Speed,Solar Radiation,Temperature Difference,Temp Ratio,pressure_rolling_7h,solar_radiation_rolling_mean_7h
Air Temperature,1.0,0.008356421499163564,0.44339671383928325,-0.2294196909995055,0.23348831939165282,0.5326489705827783,0.046219231217057274,-0.24104373796791093,0.33221814045208725
Humidity,0.008356421499163564,1.0,0.10444815035988377,0.017205853431843658,-0.15547330574784737,-0.701920017323725,-0.06975065424406386,-0.1981549190892863,-0.27006552924521954
Total Rain,0.44339671383928325,0.10444815035988377,1.0,-0.10883163490838782,0.058277222244799864,0.12718440243310597,-0.00315357968047348,0.01033340035584812,0.07007291341741195
Wind Speed,-0.2294196909995055,0.017205853431843658,-0.10883163490838782,1.0,0.03665736533029833,-0.15066227154034695,-0.009455912135255751,-0.05948377247576663,-0.015473338917287156
Solar Radiation,0.23348831939165282,-0.15547330574784737,0.058277222244799864,0.03665736533029833,1.0,0.27640819337664013,0.022818020411340578,0.07441876992852613,0.5911772557046412
Temperature Difference,0.5326489705827783,-0.701920017323725,0.12718440243310597,-0.15066227154034695,0.27640819337664013,1.0,0.0984466688256851,-0.015669543170624307,0.3937748539490334
Temp Ratio,0.046219231217057274,-0.06975065424406386,-0.00315357968047348,-0.009455912135255751,0.022818020411340578,0.0984466688256851,1.0,-0.016431478941632084,0.03244425598887342
pressure_rolling_7h,-0.24104373796791093,-0.1981549190892863,0.01033340035584812,-0.05948377247576663,0.07441876992852613,-0.015669543170624307,-0.016431478941632084,1.0,0.04922781343071524
solar_radiation_rolling_mean_7h,0.33221814045208725,-0.27006552924521954,0.07007291341741195,-0.015473338917287156,0.5911772557046412,0.3937748539490334,0.03244425598887342,0.04922781343071524,1.0
